{"cameraMode":{"drawMode":0,"name":"Shaded","section":"Shading Mode"},"sceneLighting":false,"audioPlay":false,"sceneViewState":{"showFog":true,"showMaterialUpdate":false,"showSkybox":true,"showFlares":true,"showImageEffects":true,"showParticleSystems":true},"in2DMode":false,"pivot":{"x":0.6349728107452393,"y":0.6699612140655518,"z":-0.9154068231582642},"rotation":{"x":-0.28208601474761965,"y":0.1644589602947235,"z":-0.04914824664592743,"w":-0.9439095258712769},"size":2.328941583633423,"orthographic":false}