{"cameraMode":{"drawMode":0,"name":"Shaded","section":"Shading Mode"},"sceneLighting":false,"audioPlay":false,"sceneViewState":{"showFog":true,"showMaterialUpdate":false,"showSkybox":true,"showFlares":true,"showImageEffects":true,"showParticleSystems":true},"in2DMode":false,"pivot":{"x":0.00007465179078280926,"y":0.0039005279541015627,"z":0.03407447040081024},"rotation":{"x":-0.6611688733100891,"y":-0.005626786965876818,"z":0.004958949517458677,"w":-0.7501996159553528},"size":2.328941583633423,"orthographic":false}