{"cameraMode":{"drawMode":0,"name":"Shaded","section":"Shading Mode"},"sceneLighting":false,"audioPlay":false,"sceneViewState":{"showFog":true,"showMaterialUpdate":false,"showSkybox":true,"showFlares":true,"showImageEffects":true,"showParticleSystems":true},"in2DMode":false,"pivot":{"x":5.4706292152404789,"y":1.0420169830322266,"z":4.589322566986084},"rotation":{"x":-0.6197247505187988,"y":0.004708543419837952,"z":-0.003718470223248005,"w":-0.7847963571548462},"size":18.259553909301759,"orthographic":false}