{"cameraMode":{"drawMode":0,"name":"Shaded","section":"Shading Mode"},"sceneLighting":false,"audioPlay":false,"sceneViewState":{"showFog":true,"showMaterialUpdate":false,"showSkybox":true,"showFlares":true,"showImageEffects":true,"showParticleSystems":true},"in2DMode":false,"pivot":{"x":-0.014157678931951523,"y":-0.03925776481628418,"z":-0.04997122287750244},"rotation":{"x":0.45164358615875246,"y":0.009659835137426854,"z":-0.0048894877545535568,"w":0.8921328186988831},"size":2.9289417266845705,"orthographic":false}