{"cameraMode":{"drawMode":0,"name":"Shaded","section":"Shading Mode"},"sceneLighting":false,"audioPlay":false,"sceneViewState":{"showFog":true,"showMaterialUpdate":false,"showSkybox":true,"showFlares":true,"showImageEffects":true,"showParticleSystems":true},"in2DMode":false,"pivot":{"x":0.18582119047641755,"y":0.7729549407958984,"z":0.8991508483886719},"rotation":{"x":0.405577152967453,"y":0.009896526113152504,"z":-0.004390689544379711,"w":0.913996696472168},"size":22.0,"orthographic":false}