{"cameraMode":{"drawMode":0,"name":"Shaded","section":"Shading Mode"},"sceneLighting":false,"audioPlay":false,"sceneViewState":{"showFog":true,"showMaterialUpdate":false,"showSkybox":true,"showFlares":true,"showImageEffects":true,"showParticleSystems":true},"in2DMode":false,"pivot":{"x":8.844063758850098,"y":18.51609992980957,"z":5.011605739593506},"rotation":{"x":0.29319334030151369,"y":-0.7055524587631226,"z":0.43047574162483218,"w":0.48054563999176028},"size":20.119606018066408,"orthographic":false}