{"cameraMode":{"drawMode":0,"name":"Shaded","section":"Shading Mode"},"sceneLighting":false,"audioPlay":false,"sceneViewState":{"showFog":true,"showMaterialUpdate":false,"showSkybox":true,"showFlares":true,"showImageEffects":true,"showParticleSystems":true},"in2DMode":false,"pivot":{"x":-1.1273303031921387,"y":2.112423896789551,"z":-2.464578628540039},"rotation":{"x":0.3587873578071594,"y":0.16207320988178254,"z":-0.06340911984443665,"w":0.917051374912262},"size":1.8521205186843873,"orthographic":false}