{"cameraMode":{"drawMode":0,"name":"Shaded","section":"Shading Mode"},"sceneLighting":false,"audioPlay":false,"sceneViewState":{"showFog":true,"showMaterialUpdate":false,"showSkybox":true,"showFlares":true,"showImageEffects":true,"showParticleSystems":true},"in2DMode":false,"pivot":{"x":77.55059814453125,"y":-33.5658073425293,"z":2.9901747703552248},"rotation":{"x":0.16921789944171906,"y":0.6678266525268555,"z":-0.1598462015390396,"w":0.7069809436798096},"size":115.58518981933594,"orthographic":false}