{"cameraMode":{"drawMode":0,"name":"Shaded","section":"Shading Mode"},"sceneLighting":false,"audioPlay":false,"sceneViewState":{"showFog":true,"showMaterialUpdate":false,"showSkybox":true,"showFlares":true,"showImageEffects":true,"showParticleSystems":true},"in2DMode":false,"pivot":{"x":5.564535140991211,"y":1.0688934326171876,"z":4.700738430023193},"rotation":{"x":-0.6173725724220276,"y":-0.0035402781795710327,"z":0.0027781191747635605,"w":-0.7866580486297607},"size":19.081233978271486,"orthographic":false}