{"cameraMode":{"drawMode":0,"name":"Shaded","section":"Shading Mode"},"sceneLighting":false,"audioPlay":false,"sceneViewState":{"showFog":true,"showMaterialUpdate":false,"showSkybox":true,"showFlares":true,"showImageEffects":true,"showParticleSystems":true},"in2DMode":false,"pivot":{"x":0.7662531137466431,"y":-1.4012980461120606,"z":2.5696988105773927},"rotation":{"x":0.2799420952796936,"y":0.1171625554561615,"z":-0.03444460779428482,"w":0.9522178769111633},"size":7.318241596221924,"orthographic":false}