{"cameraMode":{"drawMode":0,"name":"Shaded","section":"Shading Mode"},"sceneLighting":false,"audioPlay":false,"sceneViewState":{"showFog":true,"showMaterialUpdate":false,"showSkybox":true,"showFlares":true,"showImageEffects":true,"showParticleSystems":true},"in2DMode":false,"pivot":{"x":0.13151702284812928,"y":0.19736993312835694,"z":0.14799165725708009},"rotation":{"x":0.21583987772464753,"y":-0.08684180676937103,"z":0.019276948645710946,"w":0.9723682999610901},"size":1.4289418458938599,"orthographic":false}