{"cameraMode":{"drawMode":0,"name":"Shaded","section":"Shading Mode"},"sceneLighting":false,"audioPlay":false,"sceneViewState":{"showFog":true,"showMaterialUpdate":false,"showSkybox":true,"showFlares":true,"showImageEffects":true,"showParticleSystems":true},"in2DMode":false,"pivot":{"x":-1.4893068075180054,"y":-2.199211835861206,"z":-1.484228491783142},"rotation":{"x":0.24793961644172669,"y":0.43286368250846865,"z":-0.12514308094978333,"w":0.8576095700263977},"size":23.56671714782715,"orthographic":false}