{"cameraMode":{"drawMode":0,"name":"Shaded","section":"Shading Mode"},"sceneLighting":false,"audioPlay":false,"sceneViewState":{"showFog":true,"showMaterialUpdate":false,"showSkybox":true,"showFlares":true,"showImageEffects":true,"showParticleSystems":true},"in2DMode":false,"pivot":{"x":-0.2982746362686157,"y":-0.032683372497558597,"z":0.0889005959033966},"rotation":{"x":0.25567349791526797,"y":-0.583632230758667,"z":0.20051640272140504,"w":0.7441758513450623},"size":2.628941774368286,"orthographic":false}