{"cameraMode":{"drawMode":0,"name":"Shaded","section":"Shading Mode"},"sceneLighting":false,"audioPlay":false,"sceneViewState":{"showFog":true,"showMaterialUpdate":false,"showSkybox":true,"showFlares":true,"showImageEffects":true,"showParticleSystems":true},"in2DMode":false,"pivot":{"x":4.391833305358887,"y":2.7799999713897707,"z":-2.7899999618530275},"rotation":{"x":0.2900209128856659,"y":-0.1476481556892395,"z":0.04533887654542923,"w":0.9444746375083923},"size":2.3334522247314455,"orthographic":false}