{"cameraMode":{"drawMode":0,"name":"Shaded","section":"Shading Mode"},"sceneLighting":false,"audioPlay":false,"sceneViewState":{"showFog":true,"showMaterialUpdate":false,"showSkybox":true,"showFlares":true,"showImageEffects":true,"showParticleSystems":true},"in2DMode":false,"pivot":{"x":0.00386158749461174,"y":-0.3336787223815918,"z":-0.4615602493286133},"rotation":{"x":0.479535311460495,"y":0.005552364978939295,"z":-0.0030334237962961199,"w":0.8774997591972351},"size":5.133103847503662,"orthographic":false}