{"cameraMode":{"drawMode":0,"name":"Shaded","section":"Shading Mode"},"sceneLighting":false,"audioPlay":false,"sceneViewState":{"showFog":true,"showMaterialUpdate":false,"showSkybox":true,"showFlares":true,"showImageEffects":true,"showParticleSystems":true},"in2DMode":false,"pivot":{"x":2.6666293144226076,"y":-0.7621383666992188,"z":-0.2798210680484772},"rotation":{"x":0.115770123898983,"y":0.7352661490440369,"z":-0.12994615733623506,"w":0.655053436756134},"size":5.983147621154785,"orthographic":false}